{
    "challenge-by-biometry": "Pour vous identifier, veuillez utiliser la biométrie",
    "challenge-by-faceid": "Pour vous identifier, veuillez utiliser Face ID",
    "challenge-by-fingerprint": "Pour vous identifier, veuillez utiliser votre empreinte digitale",
    "challenge-by-touchid": "Pour vous identifier, veuillez utiliser Touch ID",
    "do-you-want-to-log-by-biometry": "Voulez-vous vous connecter avec la Biométrie ?",
    "do-you-want-to-log-by-faceid": "Voulez-vous vous connecter avec le FaceID ?",
    "do-you-want-to-log-by-fingerprint": "Voulez-vous vous connecter avec votre empreinte digitale ?",
    "do-you-want-to-log-by-touchid": "Voulez-vous vous connecter avec le TouchID ?",
    "login-by-biometry": "Connexion par Biométrie",
    "login-by-faceid": "Connexion par FaceID",
    "login-by-fingerprint": "Connexion par empreinte digitale",
    "login-by-touchid": "Connexion par TouchID",
    "status-attempt": "Veuillez réessayer.",
    "status-failed": "Trop de tentatives. Veuillez réessayer plus tard.",
    "status-success": "Connexion en cours.",
    "use-access-code": "Je préfère saisir mon code d'accès",
    "use-biometry": "Utiliser la biométrie",
    "use-faceid": "Utiliser le FaceID",
    "use-fingerprint": "Utiliser mon empreinte digitale",
    "use-scan-fingerprint-to-continue": "Utilisez le lecteur d'empreintes digitales pour continuer",
    "use-touchid": "Utiliser le TouchID",
    "you-want-to-access-to-your-bad": "{{firstName}}, vous souhaitez accèder à votre RIB"
}
